ut_ms,sunmars_km,earthmars_km,sunmarsearthangle_deg,solarconstantmars,eclipseduration_min,occultationduration_min
1219363200000,241938908.363002,355756044.048925,19.5650758165222,522.263999026823,4.16666666666667,27.4
1219449600000,241800159.82512,356303701.299971,19.3900749648847,522.863536732556,1.78333333333333,26.9333333333333
1219536000000,241660298.976336,356843151.495015,19.2147343649455,523.468926197049,0,26.5833333333333
1219622400000,241519333.695108,357374355.342686,19.0390523929577,524.080160732136,0,26.1
1219708800000,241377271.952611,357897265.710581,18.8630292247608,524.697233328856,0,25.75
1219795200000,241234121.813101,358411830.797199,18.6866671679489,525.320136649074,0,25.25
1219881600000,241089891.434286,358917997.988541,18.5099708365253,525.948863016975,0,24.8833333333333
1219968000000,240944589.067687,359415718.063857,18.3329471203306,526.583404410461,0,24.4
1220054400000,240798223.059001,359904949.220077,18.1556049255903,527.223752452419,0,24.0333333333333
